,fpath,size,date_created,date_modified
0,P:\consul_vids\consuls_9_20.mp4,321279374.0,Sat Sep 24 19:33:48 2016,Wed Sep 21 04:41:50 2016
1,P:\consul_vids\consuls_9_20_2.mp4,123195299.0,Sat Sep 24 19:33:30 2016,Wed Sep 21 05:01:18 2016
2,P:\consul_vids\consuls_in_9_19.mp4,26963013.0,Sat Sep 24 19:34:48 2016,Tue Sep 20 04:31:14 2016
3,P:\consul_vids\de_consuls_in_1.mp4,6388068.0,Sat Sep 24 19:34:54 2016,Thu Sep 15 05:48:36 2016
4,P:\consul_vids\de_consuls_in_2.mp4,5599843.0,Sat Sep 24 19:34:53 2016,Thu Sep 15 05:50:20 2016
5,P:\consul_vids\de_consuls_us_3.mp4,3676949.0,Sat Sep 24 19:34:59 2016,Wed Sep 07 16:05:04 2016
6,P:\consul_vids\de_consuls_us_4.mp4,2900287.0,Sat Sep 24 19:34:58 2016,Wed Sep 07 16:06:28 2016
7,P:\consul_vids\de_consuls_us_5.mp4,2727119.0,Sat Sep 24 19:34:58 2016,Wed Sep 07 16:09:22 2016
8,P:\consul_vids\de_consuls_us_6.mp4,7646244.0,Sat Sep 24 19:34:57 2016,Wed Sep 07 16:12:26 2016
9,P:\consul_vids\de_consuls_us_8.mp4,14100669.0,Sat Sep 24 19:34:55 2016,Wed Sep 07 16:24:02 2016
10,P:\consul_vids\fr_consuls_us.mp4,12128596.0,Sat Sep 24 19:35:05 2016,Mon Sep 05 10:27:20 2016
11,P:\consul_vids\sui_consuls_us.mp4,33865739.0,Sat Sep 24 19:35:07 2016,Fri Sep 02 21:34:20 2016
12,P:\consul_vids\uk_consuls_us.mp4,1832108.0,Sat Sep 24 19:35:05 2016,Tue Sep 06 22:43:06 2016
13,P:\consul_vids\uk_consuls_us_2.mp4,43597095.0,Sat Sep 24 19:34:59 2016,Tue Sep 06 22:51:02 2016
